;Unnamed: 0.1;Unnamed: 0;Origin_Postal_Code;Origin_City;Origin_Country;Target_Postal_Code;Target_City;Target_Country;Amount;source;Origin_Country_Name;Origin_Region;Target_Country_Name;Target_Region;label;Origin_Key;Target_Key;leg1;leg1_mot;leg1_distance;leg2;leg2_mot;leg2_distance;leg3;leg3_mot;leg3_distance;Distance;Origin_Port_Postal_Code;Port_Origin_Country;Target_Port_Postal_Code;Port_Target_Country
205;205;205;01009;Ciudad de Guatemala;GT;1101;SAN SALVADOR;SV;1380052.74;GCR;Guatemala;Americas;El Salvador;Americas;New;01009-GT;1101-SV;01009-GT->1101-SV;Truck;232.948;;;;;;;232.948;;;;
207;207;207;01009;Ciudad de Guatemala;GT;21104;SAN PEDRO SULA;HN;284905.16;GCR;Guatemala;Americas;Honduras;Americas;New;01009-GT;21104-HN;01009-GT->21104-HN;Truck;412.139;;;;;;;412.139;;;;
232;232;232;014 01;Bytča;SK;542 24;Svoboda nad Úpou;CZ;0;GCR;Slovakia;Europe;Czechia;Europe;New;014 01-SK;542 24-CZ;014 01-SK->542 24-CZ;Truck;342.521;;;;;;;342.521;;;;
239;239;239;014 01;Bytča;SK;901 01;Malacky;SK;2483405.89;GCR;Slovakia;Europe;Slovakia;Europe;New;014 01-SK;901 01-SK;014 01-SK->901 01-SK;Truck;223.439;;;;;;;223.439;;;;
431;431;431;01740;Vantaa;FI;163 53;Spånga;SE;24065.66;GCR;Finland;Europe;Sweden;Europe;New;01740-FI;163 53-SE;01740-FI->163 53-SE;Truck;483.674;;;;;;;483.674;;;;
486;486;486;01740;Vantaa;FI;23210;VEHMAA;FI;380571.87;GCR;Finland;Europe;Finland;Europe;New;01740-FI;23210-FI;01740-FI->23210-FI;Truck;206.494;;;;;;;206.494;;;;
509;509;509;01740;Vantaa;FI;28100;PORI;FI;777422.97;GCR;Finland;Europe;Finland;Europe;New;01740-FI;28100-FI;01740-FI->28100-FI;Truck;272.584;;;;;;;272.584;;;;
510;510;510;01740;Vantaa;FI;28100;Pori;FI;8832.15;GCR;Finland;Europe;Finland;Europe;New;01740-FI;28100-FI;01740-FI->28100-FI;Truck;272.584;;;;;;;272.584;;;;
563;563;563;01740;Vantaa;FI;3542 EG;Utrecht;NL;768.1;GCR;Finland;Europe;Netherlands;Europe;New;01740-FI;3542 EG-NL;01740-FI->3542 EG-NL;Truck;1905.085;;;;;;;1905.085;;;;
596;596;596;01740;Vantaa;FI;40320;JYVÄSKYLÄ;FI;1798703.83;GCR;Finland;Europe;Finland;Europe;New;01740-FI;40320-FI;01740-FI->40320-FI;Truck;267.093;;;;;;;267.093;;;;
597;597;597;01740;Vantaa;FI;40320;Jyväskylä;FI;8003.79;GCR;Finland;Europe;Finland;Europe;New;01740-FI;40320-FI;01740-FI->40320-FI;Truck;267.093;;;;;;;267.093;;;;
642;642;642;01740;Vantaa;FI;50170;MIKKELI;FI;449182.21;GCR;Finland;Europe;Finland;Europe;New;01740-FI;50170-FI;01740-FI->50170-FI;Truck;228.419;;;;;;;228.419;;;;
648;648;648;01740;Vantaa;FI;53100;LAPPEENRANTA;FI;589964.82;GCR;Finland;Europe;Finland;Europe;New;01740-FI;53100-FI;01740-FI->53100-FI;Truck;229.123;;;;;;;229.123;;;;
649;649;649;01740;Vantaa;FI;53500;LAPPEENRANTA;FI;644755.1;GCR;Finland;Europe;Finland;Europe;New;01740-FI;53500-FI;01740-FI->53500-FI;Truck;229.72;;;;;;;229.72;;;;
663;663;663;01740;Vantaa;FI;60100;SEINÄJOKI;FI;4700475.08;GCR;Finland;Europe;Finland;Europe;New;01740-FI;60100-FI;01740-FI->60100-FI;Truck;345.946;;;;;;;345.946;;;;
664;664;664;01740;Vantaa;FI;60120;SEINÄJOKI;FI;1105965.15;GCR;Finland;Europe;Finland;Europe;New;01740-FI;60120-FI;01740-FI->60120-FI;Truck;356.728;;;;;;;356.728;;;;
674;674;674;01740;Vantaa;FI;61850;KAUHAJOKI;FI;748028.88;GCR;Finland;Europe;Finland;Europe;New;01740-FI;61850-FI;01740-FI->61850-FI;Truck;341.536;;;;;;;341.536;;;;
675;675;675;01740;Vantaa;FI;61850;KAUHAJOKI AS;FI;113549.35;GCR;Finland;Europe;Finland;Europe;New;01740-FI;61850-FI;01740-FI->61850-FI;Truck;341.536;;;;;;;341.536;;;;
691;691;691;01740;Vantaa;FI;64200;NÄRPES;FI;401010.42;GCR;Finland;Europe;Finland;Europe;New;01740-FI;64200-FI;01740-FI->64200-FI;Truck;388.272;;;;;;;388.272;;;;
692;692;692;01740;Vantaa;FI;64200;NÄRPIÖ;FI;17241.74;GCR;Finland;Europe;Finland;Europe;New;01740-FI;64200-FI;01740-FI->64200-FI;Truck;388.272;;;;;;;388.272;;;;
694;694;694;01740;Vantaa;FI;65100;VAASA;FI;297262.96;GCR;Finland;Europe;Finland;Europe;New;01740-FI;65100-FI;01740-FI->65100-FI;Truck;408.401;;;;;;;408.401;;;;
697;697;697;01740;Vantaa;FI;65380;VAASA;FI;446276.36;GCR;Finland;Europe;Finland;Europe;New;01740-FI;65380-FI;01740-FI->65380-FI;Truck;404.737;;;;;;;404.737;;;;
709;709;709;01740;Vantaa;FI;68600;PIETARSAARI;FI;344738.87;GCR;Finland;Europe;Finland;Europe;New;01740-FI;68600-FI;01740-FI->68600-FI;Truck;464.167;;;;;;;464.167;;;;
715;715;715;01740;Vantaa;FI;70460;KUOPIO;FI;356023.11;GCR;Finland;Europe;Finland;Europe;New;01740-FI;70460-FI;01740-FI->70460-FI;Truck;389.045;;;;;;;389.045;;;;
717;717;717;01740;Vantaa;FI;70700;KUOPIO;FI;1146345.53;GCR;Finland;Europe;Finland;Europe;New;01740-FI;70700-FI;01740-FI->70700-FI;Truck;384.154;;;;;;;384.154;;;;
720;720;720;01740;Vantaa;FI;70800;KUOPIO;FI;999036.95;GCR;Finland;Europe;Finland;Europe;New;01740-FI;70800-FI;01740-FI->70800-FI;Truck;389.46;;;;;;;389.46;;;;
741;741;741;01740;Vantaa;FI;79100;LEPPÄVIRTA;FI;316853.26;GCR;Finland;Europe;Finland;Europe;New;01740-FI;79100-FI;01740-FI->79100-FI;Truck;334.63;;;;;;;334.63;;;;
742;742;742;01740;Vantaa;FI;80100;JOENSUU;FI;4347460.23;GCR;Finland;Europe;Finland;Europe;New;01740-FI;80100-FI;01740-FI->80100-FI;Truck;432.119;;;;;;;432.119;;;;
744;744;744;01740;Vantaa;FI;80140;JOENSUU;FI;695820.2;GCR;Finland;Europe;Finland;Europe;New;01740-FI;80140-FI;01740-FI->80140-FI;Truck;428.234;;;;;;;428.234;;;;
747;747;747;01740;Vantaa;FI;80330;REIJOLA;FI;374511.32;GCR;Finland;Europe;Finland;Europe;New;01740-FI;80330-FI;01740-FI->80330-FI;Truck;441.548;;;;;;;441.548;;;;
761;761;761;01740;Vantaa;FI;86300;OULAINEN;FI;283347.09;GCR;Finland;Europe;Finland;Europe;New;01740-FI;86300-FI;01740-FI->86300-FI;Truck;531.872;;;;;;;531.872;;;;
766;766;766;01740;Vantaa;FI;87400;KAJAANI;FI;417568.55;GCR;Finland;Europe;Finland;Europe;New;01740-FI;87400-FI;01740-FI->87400-FI;Truck;557.012;;;;;;;557.012;;;;
770;770;770;01740;Vantaa;FI;88900;KUHMO;FI;477792.85;GCR;Finland;Europe;Finland;Europe;New;01740-FI;88900-FI;01740-FI->88900-FI;Truck;589.878;;;;;;;589.878;;;;
777;777;777;01740;Vantaa;FI;90400;OULU;FI;1273577.67;GCR;Finland;Europe;Finland;Europe;New;01740-FI;90400-FI;01740-FI->90400-FI;Truck;600.843;;;;;;;600.843;;;;
787;787;787;01740;Vantaa;FI;90620;OULU;FI;411077.05;GCR;Finland;Europe;Finland;Europe;New;01740-FI;90620-FI;01740-FI->90620-FI;Truck;607.242;;;;;;;607.242;;;;
807;807;807;01740;Vantaa;FI;94600;KEMI;FI;360481.65;GCR;Finland;Europe;Finland;Europe;New;01740-FI;94600-FI;01740-FI->94600-FI;Truck;708.121;;;;;;;708.121;;;;
809;809;809;01740;Vantaa;FI;95420;TORNIO;FI;756978.16;GCR;Finland;Europe;Finland;Europe;New;01740-FI;95420-FI;01740-FI->95420-FI;Truck;731.88;;;;;;;731.88;;;;
813;813;813;01740;Vantaa;FI;96100;ROVANIEMI;FI;580917.69;GCR;Finland;Europe;Finland;Europe;New;01740-FI;96100-FI;01740-FI->96100-FI;Truck;821.923;;;;;;;821.923;;;;
1062;1062;1062;02-871;Warszawa;PL;100048;Pekin;CN;106.8;GCR;Poland;Europe;China;Asia;New;02-871-PL;100048-CN;02-871-PL->20457-DE;Truck;859.73;20457-DE->200080-CN;Vessel;22050.1;200080-CN->100048-CN;Truck;-1;22908.83;20457;DE;200080;CN
1074;1074;1074;02-871;Warszawa;PL;141733;Lobnya;RU;15338.59;GCR;Poland;Europe;Russian Federation;Europe;New;02-871-PL;141733-RU;02-871-PL->141733-RU;Truck;1309;;;;;;;1309;;;;
1077;1077;1077;02-871;Warszawa;PL;15-197;Białystok;PL;806426.47;GCR;Poland;Europe;Poland;Europe;New;02-871-PL;15-197-PL;02-871-PL->15-197-PL;Truck;205.473;;;;;;;205.473;;;;
1087;1087;1087;02-871;Warszawa;PL;163 53;Spånga;SE;1307.86;GCR;Poland;Europe;Sweden;Europe;New;02-871-PL;163 53-SE;02-871-PL->163 53-SE;Truck;968;;;;;;;968;;;;
1145;1145;1145;02-871;Warszawa;PL;22310;Simanovci;RS;3378.84;GCR;Poland;Europe;Serbia;Europe;New;02-871-PL;22310-RS;02-871-PL->22310-RS;Truck;1226;;;;;;;1226;;;;
1177;1177;1177;02-871;Warszawa;PL;26-332;Sławno;PL;518.4;GCR;Poland;Europe;Poland;Europe;New;02-871-PL;26-332-PL;02-871-PL->26-332-PL;Truck;515;;;;;;;515;;;;
1193;1193;1193;02-871;Warszawa;PL;28-100;Busko-Zdrój;PL;4214433.33;GCR;Poland;Europe;Poland;Europe;New;02-871-PL;28-100-PL;02-871-PL->28-100-PL;Truck;229;;;;;;;229;;;;
1197;1197;1197;02-871;Warszawa;PL;29-100;Włoszczowa;PL;0;GCR;Poland;Europe;Poland;Europe;New;02-871-PL;29-100-PL;02-871-PL->29-100-PL;Truck;237;;;;;;;237;;;;
1199;1199;1199;02-871;Warszawa;PL;30-002;Kraków;PL;5409.49;GCR;Poland;Europe;Poland;Europe;New;02-871-PL;30-002-PL;02-871-PL->30-002-PL;Truck;281;;;;;;;281;;;;
1207;1207;1207;02-871;Warszawa;PL;30-644;Kraków;PL;542477.76;GCR;Poland;Europe;Poland;Europe;New;02-871-PL;30-644-PL;02-871-PL->30-644-PL;Truck;286.254;;;;;;;286.254;;;;
1209;1209;1209;02-871;Warszawa;PL;30-698;Kraków;PL;421122.13;GCR;Poland;Europe;Poland;Europe;New;02-871-PL;30-698-PL;02-871-PL->30-698-PL;Truck;304.541;;;;;;;304.541;;;;
1210;1210;1210;02-871;Warszawa;PL;30-703;Kraków;PL;19479.78;GCR;Poland;Europe;Poland;Europe;New;02-871-PL;30-703-PL;02-871-PL->30-703-PL;Truck;284;;;;;;;284;;;;
1214;1214;1214;02-871;Warszawa;PL;30-732;Krakow;PL;25968.57;GCR;Poland;Europe;Poland;Europe;New;02-871-PL;30-732-PL;02-871-PL->30-732-PL;Truck;290.082;;;;;;;290.082;;;;
1215;1215;1215;02-871;Warszawa;PL;30-732;Kraków;PL;313348.57;GCR;Poland;Europe;Poland;Europe;New;02-871-PL;30-732-PL;02-871-PL->30-732-PL;Truck;290.082;;;;;;;290.082;;;;
1216;1216;1216;02-871;Warszawa;PL;30-740;Kraków;PL;274965.4;GCR;Poland;Europe;Poland;Europe;New;02-871-PL;30-740-PL;02-871-PL->30-740-PL;Truck;288.457;;;;;;;288.457;;;;
1218;1218;1218;02-871;Warszawa;PL;30-969;Kraków;PL;25370.38;GCR;Poland;Europe;Poland;Europe;New;02-871-PL;30-969-PL;02-871-PL->30-969-PL;Truck;279;;;;;;;279;;;;
1252;1252;1252;02-871;Warszawa;PL;32-300;Olkusz;PL;327724.52;GCR;Poland;Europe;Poland;Europe;New;02-871-PL;32-300-PL;02-871-PL->32-300-PL;Truck;322.437;;;;;;;322.437;;;;
1264;1264;1264;02-871;Warszawa;PL;32-700;Bochnia;PL;380996.16;GCR;Poland;Europe;Poland;Europe;New;02-871-PL;32-700-PL;02-871-PL->32-700-PL;Truck;299.271;;;;;;;299.271;;;;
1267;1267;1267;02-871;Warszawa;PL;33-100;Tarnów;PL;875.62;GCR;Poland;Europe;Poland;Europe;New;02-871-PL;33-100-PL;02-871-PL->33-100-PL;Truck;281;;;;;;;281;;;;
1270;1270;1270;02-871;Warszawa;PL;33-300;Nowy Sącz;PL;8395.8;GCR;Poland;Europe;Poland;Europe;New;02-871-PL;33-300-PL;02-871-PL->33-300-PL;Truck;352;;;;;;;352;;;;
1275;1275;1275;02-871;Warszawa;PL;33-370;Muszyna;PL;269136.45;GCR;Poland;Europe;Poland;Europe;New;02-871-PL;33-370-PL;02-871-PL->33-370-PL;Truck;396.098;;;;;;;396.098;;;;
1280;1280;1280;02-871;Warszawa;PL;34-114;Brzeźnica;PL;664910.3;GCR;Poland;Europe;Poland;Europe;New;02-871-PL;34-114-PL;02-871-PL->34-114-PL;Truck;317.671;;;;;;;317.671;;;;
1293;1293;1293;02-871;Warszawa;PL;34-700;Lublin;PL;23053.87;GCR;Poland;Europe;Poland;Europe;New;02-871-PL;34-700-PL;02-871-PL->34-700-PL;Truck;359.546;;;;;;;359.546;;;;
1294;1294;1294;02-871;Warszawa;PL;34-700;Rabka Zdrój;PL;848.16;GCR;Poland;Europe;Poland;Europe;New;02-871-PL;34-700-PL;02-871-PL->34-700-PL;Truck;359.546;;;;;;;359.546;;;;
1295;1295;1295;02-871;Warszawa;PL;34-700;Rabka-Zdrój;PL;458736.93;GCR;Poland;Europe;Poland;Europe;New;02-871-PL;34-700-PL;02-871-PL->34-700-PL;Truck;359.546;;;;;;;359.546;;;;
1304;1304;1304;02-871;Warszawa;PL;3542 EG;Utrecht;NL;293.29;GCR;Poland;Europe;Netherlands;Europe;New;02-871-PL;3542 EG-NL;02-871-PL->3542 EG-NL;Truck;1190;;;;;;;1190;;;;
1313;1313;1313;02-871;Warszawa;PL;37-200;Przeworsk;PL;891123.27;GCR;Poland;Europe;Poland;Europe;New;02-871-PL;37-200-PL;02-871-PL->37-200-PL;Truck;357.739;;;;;;;357.739;;;;
1321;1321;1321;02-871;Warszawa;PL;37-700;Przemyśl;PL;-5412;GCR;Poland;Europe;Poland;Europe;New;02-871-PL;37-700-PL;02-871-PL->37-700-PL;Truck;409;;;;;;;409;;;;
1332;1332;1332;02-871;Warszawa;PL;39-200;DĘBICA;PL;14001.14;GCR;Poland;Europe;Poland;Europe;New;02-871-PL;39-200-PL;02-871-PL->39-200-PL;Truck;376.207;;;;;;;376.207;;;;
1333;1333;1333;02-871;Warszawa;PL;39-200;Dębica;PL;449027.14;GCR;Poland;Europe;Poland;Europe;New;02-871-PL;39-200-PL;02-871-PL->39-200-PL;Truck;376.207;;;;;;;376.207;;;;
1341;1341;1341;02-871;Warszawa;PL;40-337;Katowice;PL;288844.96;GCR;Poland;Europe;Poland;Europe;New;02-871-PL;40-337-PL;02-871-PL->40-337-PL;Truck;304.207;;;;;;;304.207;;;;
1358;1358;1358;02-871;Warszawa;PL;41-300;Dąbrowa Górnicza;PL;12757.59;GCR;Poland;Europe;Poland;Europe;New;02-871-PL;41-300-PL;02-871-PL->41-300-PL;Truck;297;;;;;;;297;;;;
1361;1361;1361;02-871;Warszawa;PL;41-700;RUDA ŚLĄSKA;PL;185684.72;GCR;Poland;Europe;Poland;Europe;New;02-871-PL;41-700-PL;02-871-PL->41-700-PL;Truck;295.263;;;;;;;295.263;;;;
1362;1362;1362;02-871;Warszawa;PL;41-700;Ruda Śląska;PL;605186.78;GCR;Poland;Europe;Poland;Europe;New;02-871-PL;41-700-PL;02-871-PL->41-700-PL;Truck;295.263;;;;;;;295.263;;;;
1367;1367;1367;02-871;Warszawa;PL;41-800;ZABRZE;PL;90035.82;GCR;Poland;Europe;Poland;Europe;New;02-871-PL;41-800-PL;02-871-PL->41-800-PL;Truck;298;;;;;;;298;;;;
1368;1368;1368;02-871;Warszawa;PL;41-800;Zabrze;PL;1009.01;GCR;Poland;Europe;Poland;Europe;New;02-871-PL;41-800-PL;02-871-PL->41-800-PL;Truck;298;;;;;;;298;;;;
1380;1380;1380;02-871;Warszawa;PL;42-400;Zawiercie;PL;464822.22;GCR;Poland;Europe;Poland;Europe;New;02-871-PL;42-400-PL;02-871-PL->42-400-PL;Truck;272.194;;;;;;;272.194;;;;
1385;1385;1385;02-871;Warszawa;PL;42-530;Dąbrowa Górnicza;PL;3238.51;GCR;Poland;Europe;Poland;Europe;New;02-871-PL;42-530-PL;02-871-PL->42-530-PL;Truck;295;;;;;;;295;;;;
1387;1387;1387;02-871;Warszawa;PL;42-600;Tarnowskie Góry;PL;7573.67;GCR;Poland;Europe;Poland;Europe;New;02-871-PL;42-600-PL;02-871-PL->42-600-PL;Truck;276;;;;;;;276;;;;
1392;1392;1392;02-871;Warszawa;PL;43-155;Bieruń;PL;7564.75;GCR;Poland;Europe;Poland;Europe;New;02-871-PL;43-155-PL;02-871-PL->43-155-PL;Truck;324.596;;;;;;;324.596;;;;
1397;1397;1397;02-871;Warszawa;PL;43-300;Bielsk-Biała;PL;195.74;GCR;Poland;Europe;Poland;Europe;New;02-871-PL;43-300-PL;02-871-PL->43-300-PL;Truck;364.94;;;;;;;364.94;;;;
1398;1398;1398;02-871;Warszawa;PL;43-300;Bielsko Biała;PL;726.59;GCR;Poland;Europe;Poland;Europe;New;02-871-PL;43-300-PL;02-871-PL->43-300-PL;Truck;364.94;;;;;;;364.94;;;;
1399;1399;1399;02-871;Warszawa;PL;43-300;Bielsko-Biała;PL;6906602.26;GCR;Poland;Europe;Poland;Europe;New;02-871-PL;43-300-PL;02-871-PL->43-300-PL;Truck;364.94;;;;;;;364.94;;;;
1405;1405;1405;02-871;Warszawa;PL;43-430;SKOCZÓW;PL;960.19;GCR;Poland;Europe;Poland;Europe;New;02-871-PL;43-430-PL;02-871-PL->43-430-PL;Truck;373;;;;;;;373;;;;
1406;1406;1406;02-871;Warszawa;PL;43-430;Skoczów;PL;15872.23;GCR;Poland;Europe;Poland;Europe;New;02-871-PL;43-430-PL;02-871-PL->43-430-PL;Truck;373;;;;;;;373;;;;
1407;1407;1407;02-871;Warszawa;PL;44-100;Gliwice;PL;80611.73;GCR;Poland;Europe;Poland;Europe;New;02-871-PL;44-100-PL;02-871-PL->44-100-PL;Truck;312;;;;;;;312;;;;
1409;1409;1409;02-871;Warszawa;PL;44-109;Gliwice;PL;528522.96;GCR;Poland;Europe;Poland;Europe;New;02-871-PL;44-109-PL;02-871-PL->44-109-PL;Truck;315.423;;;;;;;315.423;;;;
1431;1431;1431;02-871;Warszawa;PL;46-040;Ozimek;PL;300227.25;GCR;Poland;Europe;Poland;Europe;New;02-871-PL;46-040-PL;02-871-PL->46-040-PL;Truck;294.361;;;;;;;294.361;;;;
1442;1442;1442;02-871;Warszawa;PL;47-225;Kędzierzyn-Koźle;PL;325859.22;GCR;Poland;Europe;Poland;Europe;New;02-871-PL;47-225-PL;02-871-PL->47-225-PL;Truck;344.133;;;;;;;344.133;;;;
1454;1454;1454;02-871;Warszawa;PL;48-303;Nysa;PL;452116.37;GCR;Poland;Europe;Poland;Europe;New;02-871-PL;48-303-PL;02-871-PL->48-303-PL;Truck;432.768;;;;;;;432.768;;;;
1492;1492;1492;02-871;Warszawa;PL;53-609;Wrocław;PL;272431.17;GCR;Poland;Europe;Poland;Europe;New;02-871-PL;53-609-PL;02-871-PL->53-609-PL;Truck;365.003;;;;;;;365.003;;;;
1493;1493;1493;02-871;Warszawa;PL;53-609;Wrocław Psie Pole;PL;8774.59;GCR;Poland;Europe;Poland;Europe;New;02-871-PL;53-609-PL;02-871-PL->53-609-PL;Truck;365.003;;;;;;;365.003;;;;
1521;1521;1521;02-871;Warszawa;PL;55-330;Krępice;PL;335072.91;GCR;Poland;Europe;Poland;Europe;New;02-871-PL;55-330-PL;02-871-PL->55-330-PL;Truck;370;;;;;;;370;;;;
1522;1522;1522;02-871;Warszawa;PL;55-330;LUTYNIA;PL;9017.15;GCR;Poland;Europe;Poland;Europe;New;02-871-PL;55-330-PL;02-871-PL->55-330-PL;Truck;370;;;;;;;370;;;;
1526;1526;1526;02-871;Warszawa;PL;57-100;Strzelin;PL;240609.71;GCR;Poland;Europe;Poland;Europe;New;02-871-PL;57-100-PL;02-871-PL->57-100-PL;Truck;402;;;;;;;402;;;;
1536;1536;1536;02-871;Warszawa;PL;58-400;Kamienna Góra;PL;349028.31;GCR;Poland;Europe;Poland;Europe;New;02-871-PL;58-400-PL;02-871-PL->58-400-PL;Truck;451.503;;;;;;;451.503;;;;
1545;1545;1545;02-871;Warszawa;PL;59-220;Legnica;PL;35922.22;GCR;Poland;Europe;Poland;Europe;New;02-871-PL;59-220-PL;02-871-PL->59-220-PL;Truck;431;;;;;;;431;;;;
1560;1560;1560;02-871;Warszawa;PL;60-462;Poznań;PL;3145010.52;GCR;Poland;Europe;Poland;Europe;New;02-871-PL;60-462-PL;02-871-PL->60-462-PL;Truck;321.676;;;;;;;321.676;;;;
1570;1570;1570;02-871;Warszawa;PL;61-064;Poznań;PL;473180.14;GCR;Poland;Europe;Poland;Europe;New;02-871-PL;61-064-PL;02-871-PL->61-064-PL;Truck;311.042;;;;;;;311.042;;;;
1577;1577;1577;02-871;Warszawa;PL;61-324;Poznań;PL;394836.11;GCR;Poland;Europe;Poland;Europe;New;02-871-PL;61-324-PL;02-871-PL->61-324-PL;Truck;308.063;;;;;;;308.063;;;;
1578;1578;1578;02-871;Warszawa;PL;61-362;Poznań;PL;24111.69;GCR;Poland;Europe;Poland;Europe;New;02-871-PL;61-362-PL;02-871-PL->61-362-PL;Truck;311;;;;;;;311;;;;
1582;1582;1582;02-871;Warszawa;PL;61-619;Poznań;PL;430837.71;GCR;Poland;Europe;Poland;Europe;New;02-871-PL;61-619-PL;02-871-PL->61-619-PL;Truck;316.086;;;;;;;316.086;;;;
1583;1583;1583;02-871;Warszawa;PL;61-654;POZNAŃ;PL;290781.66;GCR;Poland;Europe;Poland;Europe;New;02-871-PL;61-654-PL;02-871-PL->61-654-PL;Truck;315.622;;;;;;;315.622;;;;
1585;1585;1585;02-871;Warszawa;PL;62-002;Suchy Las;PL;324747.53;GCR;Poland;Europe;Poland;Europe;New;02-871-PL;62-002-PL;02-871-PL->62-002-PL;Truck;322.453;;;;;;;322.453;;;;
1592;1592;1592;02-871;Warszawa;PL;62-030;Luboń;PL;100461.86;GCR;Poland;Europe;Poland;Europe;New;02-871-PL;62-030-PL;02-871-PL->62-030-PL;Truck;311;;;;;;;311;;;;
1595;1595;1595;02-871;Warszawa;PL;62-052;Komorniki;PL;71595.23;GCR;Poland;Europe;Poland;Europe;New;02-871-PL;62-052-PL;02-871-PL->62-052-PL;Truck;316;;;;;;;316;;;;
1602;1602;1602;02-871;Warszawa;PL;62-080;Tarnowo Podgórne;PL;2339207.36;GCR;Poland;Europe;Poland;Europe;New;02-871-PL;62-080-PL;02-871-PL->62-080-PL;Truck;338.46;;;;;;;338.46;;;;
1605;1605;1605;02-871;Warszawa;PL;62-090;Rokietnica;PL;397557.16;GCR;Poland;Europe;Poland;Europe;New;02-871-PL;62-090-PL;02-871-PL->62-090-PL;Truck;341;;;;;;;341;;;;
1620;1620;1620;02-871;Warszawa;PL;624 00;Brno;CZ;6115.27;GCR;Poland;Europe;Czechia;Europe;New;02-871-PL;624 00-CZ;02-871-PL->624 00-CZ;Truck;540;;;;;;;540;;;;
1623;1623;1623;02-871;Warszawa;PL;63-200;JAROCIN;PL;16667.85;GCR;Poland;Europe;Poland;Europe;New;02-871-PL;63-200-PL;02-871-PL->63-200-PL;Truck;279.533;;;;;;;279.533;;;;
1624;1624;1624;02-871;Warszawa;PL;63-200;Jarocin;PL;340561.41;GCR;Poland;Europe;Poland;Europe;New;02-871-PL;63-200-PL;02-871-PL->63-200-PL;Truck;279.533;;;;;;;279.533;;;;
1625;1625;1625;02-871;Warszawa;PL;63-200;Roszków;PL;453.89;GCR;Poland;Europe;Poland;Europe;New;02-871-PL;63-200-PL;02-871-PL->63-200-PL;Truck;279.533;;;;;;;279.533;;;;
1636;1636;1636;02-871;Warszawa;PL;63-910;Miejska Górka;PL;959076.78;GCR;Poland;Europe;Poland;Europe;New;02-871-PL;63-910-PL;02-871-PL->63-910-PL;Truck;331.637;;;;;;;331.637;;;;
1638;1638;1638;02-871;Warszawa;PL;64-100;Leszno;PL;510792.83;GCR;Poland;Europe;Poland;Europe;New;02-871-PL;64-100-PL;02-871-PL->64-100-PL;Truck;383.912;;;;;;;383.912;;;;
1639;1639;1639;02-871;Warszawa;PL;64-100;Strzyżewice;PL;14988.85;GCR;Poland;Europe;Poland;Europe;New;02-871-PL;64-100-PL;02-871-PL->64-100-PL;Truck;383.912;;;;;;;383.912;;;;
1642;1642;1642;02-871;Warszawa;PL;64-300;Nowy Tomyśl;PL;269409.66;GCR;Poland;Europe;Poland;Europe;New;02-871-PL;64-300-PL;02-871-PL->64-300-PL;Truck;377.901;;;;;;;377.901;;;;
1659;1659;1659;02-871;Warszawa;PL;64-920;Piła;PL;222639.62;GCR;Poland;Europe;Poland;Europe;New;02-871-PL;64-920-PL;02-871-PL->64-920-PL;Truck;398;;;;;;;398;;;;
1675;1675;1675;02-871;Warszawa;PL;67-100;Nowa Sól;PL;331623.5;GCR;Poland;Europe;Poland;Europe;New;02-871-PL;67-100-PL;02-871-PL->67-100-PL;Truck;476.798;;;;;;;476.798;;;;
1676;1676;1676;02-871;Warszawa;PL;67-200;GŁOGÓW;PL;54869.13;GCR;Poland;Europe;Poland;Europe;New;02-871-PL;67-200-PL;02-871-PL->67-200-PL;Truck;425.237;;;;;;;425.237;;;;
1677;1677;1677;02-871;Warszawa;PL;67-200;Głogów;PL;810954.16;GCR;Poland;Europe;Poland;Europe;New;02-871-PL;67-200-PL;02-871-PL->67-200-PL;Truck;425.237;;;;;;;425.237;;;;
1683;1683;1683;02-871;Warszawa;PL;70-656;Szczecin;PL;328812.8;GCR;Poland;Europe;Poland;Europe;New;02-871-PL;70-656-PL;02-871-PL->70-656-PL;Truck;566.825;;;;;;;566.825;;;;
1688;1688;1688;02-871;Warszawa;PL;70439;Stuttgart;DE;2484.22;GCR;Poland;Europe;Germany;Europe;New;02-871-PL;70439-DE;02-871-PL->70439-DE;Truck;1111;;;;;;;1111;;;;
1695;1695;1695;02-871;Warszawa;PL;71-646;Szczecin;PL;309642.3;GCR;Poland;Europe;Poland;Europe;New;02-871-PL;71-646-PL;02-871-PL->71-646-PL;Truck;570.572;;;;;;;570.572;;;;
1731;1731;1731;02-871;Warszawa;PL;80-180;Kowale;PL;45920.79;GCR;Poland;Europe;Poland;Europe;New;02-871-PL;80-180-PL;02-871-PL->80-180-PL;Truck;366;;;;;;;366;;;;
1734;1734;1734;02-871;Warszawa;PL;80-297;Miszewko;PL;1808613.21;GCR;Poland;Europe;Poland;Europe;New;02-871-PL;80-297-PL;02-871-PL->80-297-PL;Truck;431.42;;;;;;;431.42;;;;
1736;1736;1736;02-871;Warszawa;PL;80-299;Gdańsk;PL;405431.21;GCR;Poland;Europe;Poland;Europe;New;02-871-PL;80-299-PL;02-871-PL->80-299-PL;Truck;370.152;;;;;;;370.152;;;;
1743;1743;1743;02-871;Warszawa;PL;80-442;Gdańsk;PL;273827.47;GCR;Poland;Europe;Poland;Europe;New;02-871-PL;80-442-PL;02-871-PL->80-442-PL;Truck;368.938;;;;;;;368.938;;;;
1745;1745;1745;02-871;Warszawa;PL;80-557;Gdańsk;PL;3503560.78;GCR;Poland;Europe;Poland;Europe;New;02-871-PL;80-557-PL;02-871-PL->80-557-PL;Truck;366.578;;;;;;;366.578;;;;
1747;1747;1747;02-871;Warszawa;PL;80-711;Gdańsk;PL;142779.96;GCR;Poland;Europe;Poland;Europe;New;02-871-PL;80-711-PL;02-871-PL->80-711-PL;Truck;360;;;;;;;360;;;;
1752;1752;1752;02-871;Warszawa;PL;8048;Zürich;CH;0;GCR;Poland;Europe;Switzerland;Europe;New;02-871-PL;8048-CH;02-871-PL->8048-CH;Truck;1335;;;;;;;1335;;;;
1772;1772;1772;02-871;Warszawa;PL;82-300;Elbląg;PL;26051.25;GCR;Poland;Europe;Poland;Europe;New;02-871-PL;82-300-PL;02-871-PL->82-300-PL;Truck;308;;;;;;;308;;;;
1780;1780;1780;02-871;Warszawa;PL;83-110;TCZEW;PL;26986.84;GCR;Poland;Europe;Poland;Europe;New;02-871-PL;83-110-PL;02-871-PL->83-110-PL;Truck;395;;;;;;;395;;;;
1791;1791;1791;02-871;Warszawa;PL;831 06;Bratislava;SK;186.38;GCR;Poland;Europe;Slovakia;Europe;New;02-871-PL;831 06-SK;02-871-PL->831 06-SK;Truck;663;;;;;;;663;;;;
1793;1793;1793;02-871;Warszawa;PL;84-123;Mrzezino;PL;861431.89;GCR;Poland;Europe;Poland;Europe;New;02-871-PL;84-123-PL;02-871-PL->84-123-PL;Truck;459.204;;;;;;;459.204;;;;
1801;1801;1801;02-871;Warszawa;PL;85-715;Bydgoszcz;PL;451734.66;GCR;Poland;Europe;Poland;Europe;New;02-871-PL;85-715-PL;02-871-PL->85-715-PL;Truck;301.339;;;;;;;301.339;;;;
1826;1826;1826;02-871;Warszawa;PL;87-800;Włocławek;PL;88556.45;GCR;Poland;Europe;Poland;Europe;New;02-871-PL;87-800-PL;02-871-PL->87-800-PL;Truck;209;;;;;;;209;;;;
1839;1839;1839;02-871;Warszawa;PL;9031;Gent;BE;0;GCR;Poland;Europe;Belgium;Europe;New;02-871-PL;9031-BE;02-871-PL->9031-BE;Truck;1328;;;;;;;1328;;;;
1873;1873;1873;02-871;Warszawa;PL;98-330;Pajęczno;PL;455754.7;GCR;Poland;Europe;Poland;Europe;New;02-871-PL;98-330-PL;02-871-PL->98-330-PL;Truck;218.129;;;;;;;218.129;;;;
1877;1877;1877;02-871;Warszawa;PL;LS9 0SW;Leeds;GB;0;GCR;Poland;Europe;United Kingdom of Great Britain and Northern Ireland;Europe;New;02-871-PL;LS9 0SW-GB;02-871-PL->LS9 0SW-GB;Truck;1942;;;;;;;1942;;;;
1885;1885;1885;02021;Canton;US;0;Shatin;HK;20290.32;GCR;United States of America;Americas;Hong Kong;Asia;New;02021-US;0-HK;02021-US->TX 77252-2562-US;Truck;-1;TX 77252-2562-US->999077-HK;Vessel;25696.75;999077-HK->0-HK;Truck;-1;25694.75;TX 77252-2562;US;999077;HK
1974;1974;1974;02021;Canton;US;04240;LEWISTON;US;418004.42;GCR;United States of America;Americas;United States of America;Americas;New;02021-US;04240-US;02021-US->04240-US;Truck;261.302;;;;;;;261.302;;;;
1977;1977;1977;02021;Canton;US;05065;SHARON;US;892738.06;GCR;United States of America;Americas;United States of America;Americas;New;02021-US;05065-US;02021-US->05065-US;Truck;257.808;;;;;;;257.808;;;;
1979;1979;1979;02021;Canton;US;05495;WILLISTON;US;318504.79;GCR;United States of America;Americas;United States of America;Americas;New;02021-US;05495-US;02021-US->05495-US;Truck;366.126;;;;;;;366.126;;;;
1997;1997;1997;02021;Canton;US;06804;Brookfield;US;449473.97;GCR;United States of America;Americas;United States of America;Americas;New;02021-US;06804-US;02021-US->06804-US;Truck;257.961;;;;;;;257.961;;;;
1998;1998;1998;02021;Canton;US;06811;DANBURY;US;509556.45;GCR;United States of America;Americas;United States of America;Americas;New;02021-US;06811-US;02021-US->06811-US;Truck;262.115;;;;;;;262.115;;;;
2001;2001;2001;02021;Canton;US;07008;Carteret;US;307344.51;GCR;United States of America;Americas;United States of America;Americas;New;02021-US;07008-US;02021-US->07008-US;Truck;375.558;;;;;;;375.558;;;;
2005;2005;2005;02021;Canton;US;07071;Lyndhurst;US;5788.64;GCR;United States of America;Americas;United States of America;Americas;New;02021-US;07071-US;02021-US->07071-US;Truck;352.159;;;;;;;352.159;;;;
2006;2006;2006;02021;Canton;US;07109;BELLEVILLE;US;219235.27;GCR;United States of America;Americas;United States of America;Americas;New;02021-US;07109-US;02021-US->07109-US;Truck;358.619;;;;;;;358.619;;;;
2007;2007;2007;02021;Canton;US;07109;Belleville;US;767996.83;GCR;United States of America;Americas;United States of America;Americas;New;02021-US;07109-US;02021-US->07109-US;Truck;358.619;;;;;;;358.619;;;;
2010;2010;2010;02021;Canton;US;07649;ORADELL;US;482381.32;GCR;United States of America;Americas;United States of America;Americas;New;02021-US;07649-US;02021-US->07649-US;Truck;349.958;;;;;;;349.958;;;;
2012;2012;2012;02021;Canton;US;07726;Manalapan;US;307912.69;GCR;United States of America;Americas;United States of America;Americas;New;02021-US;07726-US;02021-US->07726-US;Truck;417.823;;;;;;;417.823;;;;
2015;2015;2015;02021;Canton;US;07849;LAKE HOPATCONG;US;376096.33;GCR;United States of America;Americas;United States of America;Americas;New;02021-US;07849-US;02021-US->07849-US;Truck;407.756;;;;;;;407.756;;;;
2016;2016;2016;02021;Canton;US;08065;PALMYRA;US;276075.02;GCR;United States of America;Americas;United States of America;Americas;New;02021-US;08065-US;02021-US->08065-US;Truck;483.092;;;;;;;483.092;;;;
2017;2017;2017;02021;Canton;US;08075-1229;Delran;US;323420.82;GCR;United States of America;Americas;United States of America;Americas;New;02021-US;08075-1229-US;02021-US->08075-1229-US;Truck;474.004;;;;;;;474.004;;;;
2022;2022;2022;02021;Canton;US;08609;TRENTON;US;1555242.23;GCR;United States of America;Americas;United States of America;Americas;New;02021-US;08609-US;02021-US->08609-US;Truck;449.553;;;;;;;449.553;;;;
2023;2023;2023;02021;Canton;US;08816;EAST BRUNSWICK;US;1561556.7;GCR;United States of America;Americas;United States of America;Americas;New;02021-US;08816-US;02021-US->08816-US;Truck;401.022;;;;;;;401.022;;;;
2025;2025;2025;02021;Canton;US;08855;Piscataway;US;804855.91;GCR;United States of America;Americas;United States of America;Americas;New;02021-US;08855-US;02021-US->08855-US;Truck;404.178;;;;;;;404.178;;;;
2026;2026;2026;02021;Canton;US;08861;Hopelawn;US;2324994.38;GCR;United States of America;Americas;United States of America;Americas;New;02021-US;08861-US;02021-US->08861-US;Truck;384.913;;;;;;;384.913;;;;
2030;2030;2030;02021;Canton;US;1026;Auckland;NZ;0;GCR;United States of America;Americas;New Zealand;Oceania;New;02021-US;1026-NZ;02021-US->TX 77252-2562-US;Truck;-1;TX 77252-2562-US->1010-NZ;Vessel;23251.85;1010-NZ->1026-NZ;Truck;-1;23249.85;TX 77252-2562;US;1010;NZ
2033;2033;2033;02021;Canton;US;10603;White Plains;US;1172143.6;GCR;United States of America;Americas;United States of America;Americas;New;02021-US;10603-US;02021-US->10603-US;Truck;305.696;;;;;;;305.696;;;;
2034;2034;2034;02021;Canton;US;10701;Yonkers;US;1563122.51;GCR;United States of America;Americas;United States of America;Americas;New;02021-US;10701-US;02021-US->10701-US;Truck;320.384;;;;;;;320.384;;;;
2037;2037;2037;02021;Canton;US;10994;WEST NYACK;US;2502462.73;GCR;United States of America;Americas;United States of America;Americas;New;02021-US;10994-US;02021-US->10994-US;Truck;325.977;;;;;;;325.977;;;;
2041;2041;2041;02021;Canton;US;11103;ASTORIA;US;261115.59;GCR;United States of America;Americas;United States of America;Americas;New;02021-US;11103-US;02021-US->11103-US;Truck;331.707;;;;;;;331.707;;;;
2042;2042;2042;02021;Canton;US;11103;Astoria;US;300548.92;GCR;United States of America;Americas;United States of America;Americas;New;02021-US;11103-US;02021-US->11103-US;Truck;331.707;;;;;;;331.707;;;;
2046;2046;2046;02021;Canton;US;11220;BROOKLYN;US;474945.61;GCR;United States of America;Americas;United States of America;Americas;New;02021-US;11220-US;02021-US->11220-US;Truck;354.876;;;;;;;354.876;;;;
2049;2049;2049;02021;Canton;US;11233;BROOKLYN;US;573906.62;GCR;United States of America;Americas;United States of America;Americas;New;02021-US;11233-US;02021-US->11233-US;Truck;342.02;;;;;;;342.02;;;;
2051;2051;2051;02021;Canton;US;11356;COLLEGE POINT;US;732674.27;GCR;United States of America;Americas;United States of America;Americas;New;02021-US;11356-US;02021-US->11356-US;Truck;325.375;;;;;;;325.375;;;;
2054;2054;2054;02021;Canton;US;11378;MASPETH;US;668055.64;GCR;United States of America;Americas;United States of America;Americas;New;02021-US;11378-US;02021-US->11378-US;Truck;336.107;;;;;;;336.107;;;;
2063;2063;2063;02021;Canton;US;12308;Phnom Penh;KH;3878.72;GCR;United States of America;Americas;Cambodia;Asia;New;02021-US;12308-KH;02021-US->TX 77252-2562-US;Truck;-1;TX 77252-2562-US->120203-KH;Vessel;25696.75;120203-KH->12308-KH;Truck;5.992;25701.742;TX 77252-2562;US;120203;KH
2064;2064;2064;02021;Canton;US;12402;KINGSTON;US;463383.1;GCR;United States of America;Americas;United States of America;Americas;New;02021-US;12402-US;02021-US->12402-US;Truck;338.191;;;;;;;338.191;;;;
2070;2070;2070;02021;Canton;US;13153;SKANEATELES FALLS;US;579950.87;GCR;United States of America;Americas;United States of America;Americas;New;02021-US;13153-US;02021-US->13153-US;Truck;540.334;;;;;;;540.334;;;;
2074;2074;2074;02021;Canton;US;13502;Utica;US;281313.6;GCR;United States of America;Americas;United States of America;Americas;New;02021-US;13502-US;02021-US->13502-US;Truck;426.088;;;;;;;426.088;;;;
2075;2075;2075;02021;Canton;US;13760;Endicott;US;1269958.14;GCR;United States of America;Americas;United States of America;Americas;New;02021-US;13760-US;02021-US->13760-US;Truck;514.637;;;;;;;514.637;;;;
2076;2076;2076;02021;Canton;US;13902;BINGHAMTON;US;461395.66;GCR;United States of America;Americas;United States of America;Americas;New;02021-US;13902-US;02021-US->13902-US;Truck;498.886;;;;;;;498.886;;;;
2077;2077;2077;02021;Canton;US;14048;DUNKIRK;US;460960.47;GCR;United States of America;Americas;United States of America;Americas;New;02021-US;14048-US;02021-US->14048-US;Truck;805.333;;;;;;;805.333;;;;
2078;2078;2078;02021;Canton;US;14048;Dunkirk;US;3606.33;GCR;United States of America;Americas;United States of America;Americas;New;02021-US;14048-US;02021-US->14048-US;Truck;805.333;;;;;;;805.333;;;;
2083;2083;2083;02021;Canton;US;14901;ELMIRA;US;1483507.64;GCR;United States of America;Americas;United States of America;Americas;New;02021-US;14901-US;02021-US->14901-US;Truck;587.59;;;;;;;587.59;;;;
2084;2084;2084;02021;Canton;US;14902;ELMIRA;US;615761.02;GCR;United States of America;Americas;United States of America;Americas;New;02021-US;14902-US;02021-US->14902-US;Truck;587.674;;;;;;;587.674;;;;
2086;2086;2086;02021;Canton;US;15108;Coraopolis;US;640903.5;GCR;United States of America;Americas;United States of America;Americas;New;02021-US;15108-US;02021-US->15108-US;Truck;954.42;;;;;;;954.42;;;;
2096;2096;2096;02021;Canton;US;17112;HARRISBURG;US;462464.76;GCR;United States of America;Americas;United States of America;Americas;New;02021-US;17112-US;02021-US->17112-US;Truck;603.919;;;;;;;603.919;;;;
2097;2097;2097;02021;Canton;US;17315;Dover;US;1038498.64;GCR;United States of America;Americas;United States of America;Americas;New;02021-US;17315-US;02021-US->17315-US;Truck;646.203;;;;;;;646.203;;;;
2101;2101;2101;02021;Canton;US;18054;GREEN LANE;US;1301442.57;GCR;United States of America;Americas;United States of America;Americas;New;02021-US;18054-US;02021-US->18054-US;Truck;525.007;;;;;;;525.007;;;;
2108;2108;2108;02021;Canton;US;18951;Quakertown;US;1422573.38;GCR;United States of America;Americas;United States of America;Americas;New;02021-US;18951-US;02021-US->18951-US;Truck;496.729;;;;;;;496.729;;;;
2109;2109;2109;02021;Canton;US;18966;Southampton;US;678794.23;GCR;United States of America;Americas;United States of America;Americas;New;02021-US;18966-US;02021-US->18966-US;Truck;476.62;;;;;;;476.62;;;;
2112;2112;2112;02021;Canton;US;19020;Bensalem;US;572878.53;GCR;United States of America;Americas;United States of America;Americas;New;02021-US;19020-US;02021-US->19020-US;Truck;469.284;;;;;;;469.284;;;;
2113;2113;2113;02021;Canton;US;19047;LANGHORNE;US;517032.47;GCR;United States of America;Americas;United States of America;Americas;New;02021-US;19047-US;02021-US->19047-US;Truck;461.493;;;;;;;461.493;;;;
2117;2117;2117;02021;Canton;US;19401;NORRISTOWN;US;525547.47;GCR;United States of America;Americas;United States of America;Americas;New;02021-US;19401-US;02021-US->19401-US;Truck;501.682;;;;;;;501.682;;;;
2118;2118;2118;02021;Canton;US;19440;Hatfield;US;403864.9;GCR;United States of America;Americas;United States of America;Americas;New;02021-US;19440-US;02021-US->19440-US;Truck;507.571;;;;;;;507.571;;;;
2119;2119;2119;02021;Canton;US;19454;North Wales;US;296385.64;GCR;United States of America;Americas;United States of America;Americas;New;02021-US;19454-US;02021-US->19454-US;Truck;500.003;;;;;;;500.003;;;;
2122;2122;2122;02021;Canton;US;19709;Middletown;US;346032.15;GCR;United States of America;Americas;United States of America;Americas;New;02021-US;19709-US;02021-US->19709-US;Truck;570.734;;;;;;;570.734;;;;
2125;2125;2125;02021;Canton;US;20020;Washington;US;1672902.04;GCR;United States of America;Americas;United States of America;Americas;New;02021-US;20020-US;02021-US->20020-US;Truck;703.511;;;;;;;703.511;;;;
2126;2126;2126;02021;Canton;US;20109;MANASSAS;US;60036.05;GCR;United States of America;Americas;United States of America;Americas;New;02021-US;20109-US;02021-US->20109-US;Truck;754.615;;;;;;;754.615;;;;
2127;2127;2127;02021;Canton;US;20109;Manassas;US;438521.79;GCR;United States of America;Americas;United States of America;Americas;New;02021-US;20109-US;02021-US->20109-US;Truck;754.615;;;;;;;754.615;;;;
2128;2128;2128;02021;Canton;US;20151;CHANTILLY;US;550.93;GCR;United States of America;Americas;United States of America;Americas;New;02021-US;20151-US;02021-US->20151-US;Truck;747.516;;;;;;;747.516;;;;
2129;2129;2129;02021;Canton;US;20151;Chantilly;US;804427.17;GCR;United States of America;Americas;United States of America;Americas;New;02021-US;20151-US;02021-US->20151-US;Truck;747.516;;;;;;;747.516;;;;
2131;2131;2131;02021;Canton;US;20705;BELTSVILLE;US;594722.16;GCR;United States of America;Americas;United States of America;Americas;New;02021-US;20705-US;02021-US->20705-US;Truck;686.996;;;;;;;686.996;;;;
2135;2135;2135;02021;Canton;US;20781;Hyattsville;US;527186.87;GCR;United States of America;Americas;United States of America;Americas;New;02021-US;20781-US;02021-US->20781-US;Truck;692.444;;;;;;;692.444;;;;
2138;2138;2138;02021;Canton;US;20855;Rockville;US;1146520.47;GCR;United States of America;Americas;United States of America;Americas;New;02021-US;20855-US;02021-US->20855-US;Truck;707.027;;;;;;;707.027;;;;
2139;2139;2139;02021;Canton;US;21046;Columbia;US;2832442.61;GCR;United States of America;Americas;United States of America;Americas;New;02021-US;21046-US;02021-US->21046-US;Truck;672.813;;;;;;;672.813;;;;
2144;2144;2144;02021;Canton;US;21226;Baltimore;US;1352211.63;GCR;United States of America;Americas;United States of America;Americas;New;02021-US;21226-US;02021-US->21226-US;Truck;650.195;;;;;;;650.195;;;;
2145;2145;2145;02021;Canton;US;21227;BALTIMORE;US;521119.23;GCR;United States of America;Americas;United States of America;Americas;New;02021-US;21227-US;02021-US->21227-US;Truck;649.326;;;;;;;649.326;;;;
2146;2146;2146;02021;Canton;US;21229;BALTIMORE;US;380082.71;GCR;United States of America;Americas;United States of America;Americas;New;02021-US;21229-US;02021-US->21229-US;Truck;653.903;;;;;;;653.903;;;;